config_name,val_accuracy,final_val_loss,training_time,overfitting,precision,recall,f1_score
Basic,0.911795973777771,3.1890485286712646,1235.61550283432,0.08422207832336426,0.3567736995674719,0.35600425079702447,0.35561337077636335
Deep,0.9596174359321594,8.839957237243652,415.27259039878845,0.03109133243560791,0.3088191928473582,0.30818278427205104,0.3080636832418769
Fine-Tune,0.9989373087882996,0.004399645142257214,245.41591620445251,-0.002653777599334717,0.3390010626992561,0.3390010626992561,0.3390010626992561
High-Accuracy,1.0,0.00594619195908308,1045.5691471099854,-0.00530928373336792,0.33581296493092455,0.33581296493092455,0.33581296493092455
Fast-Training,0.3326248526573181,26.36227798461914,310.0458781719208,0.6039294600486755,0.10852858502892777,0.3294367693942614,0.16327002160227186
